Campaign,IP,Update_Date
LockerGoga,103.73.65.116,26-Mar-19
LockerGoga,185.202.174.86,26-Mar-19
LockerGoga,185.202.174.91,26-Mar-19
LockerGoga,176.126.85.207,26-Mar-19
LockerGoga,62.210.136.65,26-Mar-19
LockerGoga,185.202.174.80,26-Mar-19
LockerGoga,93.115.26.171,26-Mar-19
LockerGoga,185.202.174.81,26-Mar-19
LockerGoga,100.25.217.29,26-Mar-19
LockerGoga,103.249.28.87,26-Mar-19
LockerGoga,103.86.44.122,26-Mar-19
LockerGoga,104.37.104.44,26-Mar-19
LockerGoga,104.41.61.34,26-Mar-19
LockerGoga,104.43.14.250,26-Mar-19
LockerGoga,104.7.1.182,26-Mar-19
LockerGoga,108.61.171.82,26-Mar-19
LockerGoga,109.228.50.121,26-Mar-19
LockerGoga,112.213.124.220,26-Mar-19
LockerGoga,118.184.49.164,26-Mar-19
LockerGoga,122.10.119.32,26-Mar-19
LockerGoga,123.59.118.241,26-Mar-19
LockerGoga,128.199.151.172,26-Mar-19
LockerGoga,13.112.123.148,26-Mar-19
LockerGoga,13.65.101.42,26-Mar-19
LockerGoga,13.65.147.163,26-Mar-19
LockerGoga,13.93.215.101,26-Mar-19
LockerGoga,134.209.125.40,26-Mar-19
LockerGoga,138.197.117.200,26-Mar-19
LockerGoga,138.197.153.4,26-Mar-19
LockerGoga,138.197.206.21,26-Mar-19
LockerGoga,141.105.69.73,26-Mar-19
LockerGoga,144.208.127.140,26-Mar-19
LockerGoga,145.100.105.99,26-Mar-19
LockerGoga,149.56.115.70,26-Mar-19
LockerGoga,158.255.7.49,26-Mar-19
LockerGoga,159.203.166.93,26-Mar-19
LockerGoga,159.65.100.45,26-Mar-19
LockerGoga,173.254.235.42,26-Mar-19
LockerGoga,174.140.165.15,26-Mar-19
LockerGoga,18.202.173.173,26-Mar-19
LockerGoga,18.207.105.173,26-Mar-19
LockerGoga,18.212.152.40,26-Mar-19
LockerGoga,18.214.39.103,26-Mar-19
LockerGoga,184.72.194.73,26-Mar-19
LockerGoga,184.74.150.189,26-Mar-19
LockerGoga,185.118.66.114,26-Mar-19
LockerGoga,185.125.231.156,26-Mar-19
LockerGoga,185.65.206.117,26-Mar-19
LockerGoga,185.77.66.73,26-Mar-19
LockerGoga,185.82.202.74,26-Mar-19
LockerGoga,185.86.151.146,26-Mar-19
LockerGoga,188.166.236.56,26-Mar-19
LockerGoga,192.126.90.148,26-Mar-19
LockerGoga,192.162.100.55,26-Mar-19
LockerGoga,192.225.226.39,26-Mar-19
LockerGoga,192.225.227.43,26-Mar-19
LockerGoga,192.241.192.76,26-Mar-19
LockerGoga,192.241.250.189,26-Mar-19
LockerGoga,192.241.254.131,26-Mar-19
LockerGoga,198.154.107.216,26-Mar-19
LockerGoga,198.46.138.98,26-Mar-19
LockerGoga,198.74.51.46,26-Mar-19
LockerGoga,212.8.189.28,26-Mar-19
LockerGoga,213.163.73.34,26-Mar-19
LockerGoga,213.165.246.66,26-Mar-19
LockerGoga,217.146.27.53,26-Mar-19
LockerGoga,23.105.220.10,26-Mar-19
LockerGoga,23.229.34.84,26-Mar-19
LockerGoga,31.192.105.28,26-Mar-19
LockerGoga,34.215.113.217,26-Mar-19
LockerGoga,34.230.152.184,26-Mar-19
LockerGoga,34.239.0.159,26-Mar-19
LockerGoga,34.250.111.153,26-Mar-19
LockerGoga,35.165.112.226,26-Mar-19
LockerGoga,35.167.52.118,26-Mar-19
LockerGoga,35.232.213.202,26-Mar-19
LockerGoga,38.100.163.115,26-Mar-19
LockerGoga,40.71.92.214,26-Mar-19
LockerGoga,40.86.87.161,26-Mar-19
LockerGoga,45.32.122.168,26-Mar-19
LockerGoga,45.32.124.156,26-Mar-19
LockerGoga,45.32.13.224,26-Mar-19
LockerGoga,45.32.42.53,26-Mar-19
LockerGoga,45.55.170.224,26-Mar-19
LockerGoga,45.63.70.117,26-Mar-19
LockerGoga,46.101.193.77,26-Mar-19
LockerGoga,46.166.173.109,26-Mar-19
LockerGoga,47.52.61.250,26-Mar-19
LockerGoga,47.92.204.240,26-Mar-19
LockerGoga,47.92.255.140,26-Mar-19
LockerGoga,5.255.81.155,26-Mar-19
LockerGoga,52.17.47.194,26-Mar-19
LockerGoga,52.205.63.188,26-Mar-19
LockerGoga,52.211.61.109,26-Mar-19
LockerGoga,52.26.15.34,26-Mar-19
LockerGoga,52.50.69.78,26-Mar-19
LockerGoga,52.89.235.254,26-Mar-19
LockerGoga,52.90.106.50,26-Mar-19
LockerGoga,54.159.197.103,26-Mar-19
LockerGoga,54.186.65.204,26-Mar-19
LockerGoga,54.201.61.37,26-Mar-19
LockerGoga,54.92.130.254,26-Mar-19
LockerGoga,64.69.57.222,26-Mar-19
LockerGoga,66.192.70.36,26-Mar-19
LockerGoga,69.196.152.38,26-Mar-19
LockerGoga,77.40.160.42,26-Mar-19
LockerGoga,93.95.100.171,26-Mar-19
LockerGoga,94.140.116.183,26-Mar-19
LockerGoga,45.227.255.117,26-Mar-19
